nanase.cc/tools/electric/timer555.html,https://nanase.cc/tools/timer555/,301,TRUE,FALSE,FALSE,FALSE
nanase.cc/tools/electric/timer555,https://nanase.cc/tools/timer555/,301,TRUE,FALSE,FALSE,FALSE
nanase.cc/tools/control/pid.html,https://nanase.cc/tools/pid/,301,TRUE,FALSE,FALSE,FALSE
nanase.cc/tools/control/pid,https://nanase.cc/tools/pid/,301,TRUE,FALSE,FALSE,FALSE
nanase.cc/tools/electric/combination.html,https://nanase.cc/tools/passive-combination/,301,TRUE,FALSE,FALSE,FALSE
nanase.cc/tools/electric/combination,https://nanase.cc/tools/passive-combination/,301,TRUE,FALSE,FALSE,FALSE
nanase.cc/tools/filter/biquad.html,https://nanase.cc/tools/biquad/,301,TRUE,FALSE,FALSE,FALSE
nanase.cc/tools/filter/biquad,https://nanase.cc/tools/biquad/,301,TRUE,FALSE,FALSE,FALSE
nanase.cc/tools/jjy/simulator.html,https://nanase.cc/tools/jjy/,301,TRUE,FALSE,FALSE,FALSE
nanase.cc/tools/jjy/simulator,https://nanase.cc/tools/jjy/,301,TRUE,FALSE,FALSE,FALSE
nanase.cc/tools/svg/theme-checker.html,https://nanase.cc/tools/svg-theme-checker/,301,TRUE,FALSE,FALSE,FALSE
nanase.cc/tools/svg/theme-checker,https://nanase.cc/tools/svg-theme-checker/,301,TRUE,FALSE,FALSE,FALSE
